tranportation,city,postcode,street,state,address2,longitude,latitude
Brooklyn Bridge–City Hall,New York,10000,Centre Street,New York,"Centre Street, New York, NY 10000, United States of America",-74.0050702,40.71235
City Hall,New York,10003,Broadway,New York,"Broadway, New York, NY 10003, United States of America",-74.006978,40.713282
Park Row & Spruce Street,New York,10007,Park Row,New York,"Park Row, New York, NY 10007, United States of America",-74.0066059,40.7119779
Park Row & Spruce Street,New York,10000,Park Row,New York,"Park Row, New York, NY 10000, United States of America",-74.0061603,40.7118408
Chambers Street & Broadway,New York,10000,Chambers Street,New York,"Chambers Street, New York, NY 10000, United States of America",-74.0059659,40.7139131
Park Row & Beekman Street,New York,10007,Park Row,New York,"Park Row, New York, NY 10007, United States of America",-74.0069035,40.7118883
Broadway & Murray Street,New York,10003,Broadway,New York,"Broadway, New York, NY 10003, United States of America",-74.0075138,40.7128763
Broadway & Warren Street,New York,10003,Broadway,New York,"Broadway, New York, NY 10003, United States of America",-74.0067437,40.7138107
Park Row & Spruce Street,New York,10000,Park Row,New York,"Park Row, New York, NY 10000, United States of America",-74.0066373,40.7117237
Broadway/Warren Street,New York,10003,Broadway,New York,"Broadway, New York, NY 10003, United States of America",-74.0066843,40.7138623
Broadway & Park Place,New York,10007,Park Place,New York,"Park Place, New York, NY 10007, United States of America",-74.0076372,40.7127482
Broadway & Chambers Street,New York,10003,Broadway,New York,"Broadway, New York, NY 10003, United States of America",-74.0066029,40.7139622
Chambers Street–World Trade Center–Park Place–Cortlandt Street,New York,10000,Park Row,New York,"Park Row, New York, NY 10000, United States of America",-74.0097157700624,40.71266655
Chambers Street & Broadway,New York,10000,Chambers Street,New York,"Chambers Street, New York, NY 10000, United States of America",-74.0061225,40.7141343
Broadway & Park Place,New York,10279,Broadway,New York,"Broadway, New York, NY 10279, United States of America",-74.0079842,40.712324
Chambers Street,New York,10000,Chambers Street,New York,"New York, NY 10000, United States of America",-74.0038204,40.7129921
Broadway & Barclay Street,New York,10279,Broadway,New York,"Broadway, New York, NY 10279, United States of America",-74.0081064,40.7121847
Fulton Street,New York,10038,Dutch Street,New York,"Dutch Street, New York, NY 10038, United States of America",-74.00700865114402,40.709853800000005
Broadway & Barclay Street,New York,10279,Broadway,New York,"Broadway, New York, NY 10279, United States of America",-74.0083724,40.7118756
Warren Street & Church Street,New York,10007,Warren Street,New York,"Warren Street, New York, NY 10007, United States of America",-74.0080578,40.7141622
Broadway & Reade Street,New York,10003,Broadway,New York,"Broadway, New York, NY 10003, United States of America",-74.0058386,40.7148957
Chambers Street & Church Street,New York,10007,Chambers Street,New York,"Chambers Street, New York, NY 10007, United States of America",-74.007623,40.714719
Church Street & Warren Street,New York,10013,Church Street,New York,"Church Street, New York, NY 10013, United States of America",-74.0083846,40.7141894
Park Place,New York,10007,Park Place,New York,"New York, NY 10007, United States of America",-74.0091645,40.7132181
Chambers Street & Church Street,New York,10007,Chambers Street,New York,"Chambers Street, New York, NY 10007, United States of America",-74.0077211,40.7148762
Chambers Street,New York,10013,Church Street,New York,"Church Street, New York, NY 10013, United States of America",-74.0079676,40.7149161
Broadway & Vesey Street,New York,10279,Broadway,New York,"Broadway, New York, NY 10279, United States of America",-74.0088302,40.7113345
Church Street & Chambers Street,New York,10013,Church Street,New York,"Church Street, New York, NY 10013, United States of America",-74.0076738,40.7151241
Murray Street & Church Street,New York,10007,Murray Street,New York,"Murray Street, New York, NY 10007, United States of America",-74.0091388,40.7139888
Broadway & Thomas Street,New York,10003,Broadway,New York,"Broadway, New York, NY 10003, United States of America",-74.0053388,40.7155015
Fulton Street,New York,10038,Nassau Street,New York,"Nassau Street, New York, NY 10038, United States of America",-74.0076322,40.7103294
Fulton Street,New York,10038,Fulton Street,New York,"New York, NY 10038, United States of America",-74.0076638,40.7101857
Church Street & Vesey Street,New York,10013,Church Street,New York,"Church Street, New York, NY 10013, United States of America",-74.0098598,40.7122992
World Trade Center,New York,10013,Church Street,New York,"Church Street, New York, NY 10013, United States of America",-74.010017,40.7122023
Broadway & Thomas Street,New York,10003,Broadway,New York,"Broadway, New York, NY 10003, United States of America",-74.0049861,40.7159081
Chambers Street & West Broadway,New York,10007,Chambers Street,New York,"Chambers Street, New York, NY 10007, United States of America",-74.0088639,40.7153239
Fulton Street,New York,10038,William Street,New York,"William Street, New York, NY 10038, United States of America",-74.0065858,40.709426
Broadway & Worth Street,New York,10003,Broadway,New York,"Broadway, New York, NY 10003, United States of America",-74.0047514,40.7161368
Fulton Street,New York,10003,Broadway,New York,"Broadway, New York, NY 10003, United States of America",-74.0095697,40.7103638
Chambers Street,New York,10012,West Broadway,New York,"West Broadway, New York, NY 10012, United States of America",-74.0092451,40.7155081
Church Street & Worth Street,New York,10013,Church Street,New York,"Church Street, New York, NY 10013, United States of America",-74.0063065,40.7168339
Broadway & Cortlandt Street,New York,10003,Broadway,New York,"Broadway, New York, NY 10003, United States of America",-74.0099905,40.7099095
Church Street/Cortland Street,New York,10013,Church Street,New York,"Church Street, New York, NY 10013, United States of America",-74.0108385,40.7107861
Cortlandt Street,New York,10013,Church Street,New York,"Church Street, New York, NY 10013, United States of America",-74.0110289,40.710668
Saint James Place & Robert F Wagner Place,New York,10038,Pearl Street,New York,"Pearl Street, New York, NY 10038, United States of America",-74.0008362,40.7107961
Church Street/Cortland Street,New York,10013,Church Street,New York,"Church Street, New York, NY 10013, United States of America",-74.0110225,40.7105053
Frankfort Street & Pearl Street,New York,10038,Frankfort Street,New York,"Frankfort Street, New York, NY 10038, United States of America",-74.0018906,40.7095711
Pearl Street & Frankfort Street,New York,10038,Pearl Street,New York,"Pearl Street, New York, NY 10038, United States of America",-74.0021657,40.7092359
Saint James Place & Robert F Wagner Place,New York,10038,Pearl Street,New York,"Pearl Street, New York, NY 10038, United States of America",-74.0007635,40.7104836
Pearl Street & Peck Slip,New York,10038,Pearl Street,New York,"Pearl Street, New York, NY 10038, United States of America",-74.0029118,40.7086554
Chambers Street & Greenwich Street,New York,10007,Chambers Street,New York,"Chambers Street, New York, NY 10007, United States of America",-74.0106049,40.7160715
Pearl Street & Peck Slip,New York,10038,Pearl Street,New York,"Pearl Street, New York, NY 10038, United States of America",-74.0020727,40.7090353
Church Street & Liberty Street,New York,10006,Church Street,New York,"Church Street, New York, NY 10006, United States of America",-74.0113003,40.7100988
Church Street/Liberty Street,New York,10006,Church Street,New York,"Church Street, New York, NY 10006, United States of America",-74.0113816,40.7099415
World Trade Center,New York,10007,Greenwich Street,New York,"180 Greenwich Street, New York, NY 10007, United States of America",-74.012527,40.7119004
WTC Cortlandt,New York,10048,Greenwich Street,New York,"Greenwich Street, New York, NY 10048, United States of America",-74.0122698,40.7111153
Madison Street & Saint James Place,New York,10038,Madison Street,New York,"Madison Street, New York, NY 10038, United States of America",-73.9994034,40.7118912
Pearl St & Fulton St,New York,10038,Pearl Street,New York,"Pearl Street, New York, NY 10038, United States of America",-74.0037378,40.7079435
Broadway & Franklin Street,New York,10003,Broadway,New York,"Broadway, New York, NY 10003, United States of America",-74.0035031,40.7176275
Pearl St & Fulton St,New York,10038,Pearl Street,New York,"Pearl Street, New York, NY 10038, United States of America",-74.0035241,40.7078104
Worth Street & Mott Street,New York,10007,Park Row,New York,"Park Row, New York, NY 10007, United States of America",-73.9986904,40.7133183
Chambers Street & Greenwich Street,New York,10282,Chambers Street,New York,"Chambers Street, New York, NY 10282, United States of America",-74.0114279,40.7166019
Broadway & Thames Street,New York,10006,Thames Street,New York,"Thames Street, New York, NY 10006, United States of America",-74.0110824,40.7086881
Broadway & White Street,New York,10003,Broadway,New York,"Broadway, New York, NY 10003, United States of America",-74.0030433,40.7181885
Madison Street & Oliver Street,New York,10038,Madison Street,New York,"Madison Street, New York, NY 10038, United States of America",-73.9979427,40.711898
Broadway & Walker Street,New York,10003,Broadway,New York,"Broadway, New York, NY 10003, United States of America",-74.0027133,40.7185463
Franklin Street,New York,10014,Varick Street,New York,"Varick Street, New York, NY 10014, United States of America",-74.0069428,40.7191096
Wall Street,New York,10003,Broadway,New York,"Broadway, New York, NY 10003, United States of America",-74.0114693,40.7079284
East Broadway & Catherine Street,New York,10002,East Broadway,New York,"East Broadway, New York, NY 10002, United States of America",-73.9975748,40.7135098
Trinity Place & Thames Street,New York,10006,Trinity Place,New York,"Trinity Place, New York, NY 10006, United States of America",-74.0124025,40.7084747
Wall Street,New York,10038,William Street,New York,"William Street, New York, NY 10038, United States of America",-74.0091832,40.7067241
Broadway & Walker Street,New York,10003,Broadway,New York,"Broadway, New York, NY 10003, United States of America",-74.0025095,40.7188025
East Broadway & Catherine Street,New York,10278,Catherine Street,New York,"Catherine Street, New York, NY 10278, United States of America",-73.9974054,40.7133786
Madison Street & Catherine Street,New York,10002,Madison Street,New York,"Madison Street, New York, NY 10002, United States of America",-73.9973248,40.7121023
Varick Street & North Moore Street,New York,10014,Varick Street,New York,"Varick Street, New York, NY 10014, United States of America",-74.0069797,40.7195148
West Street & Chambers Street,New York,10282,West Street,New York,"West Street, New York, NY 10282, United States of America",-74.0125425,40.7173697
Madison Street & Catherine Street,New York,10038,Madison Street,New York,"Madison Street, New York, NY 10038, United States of America",-73.9971549,40.7119603
Trinity Place/Rector Street,New York,10006,Trinity Place,New York,"Trinity Place, New York, NY 10006, United States of America",-74.012582,40.7082196
Broadway & Rector Street,New York,10003,Broadway,New York,"Broadway, New York, NY 10003, United States of America",-74.0119528,40.7075497
Chinatowns Communter Van,New York,10002,Division Street,New York,"Division Street, New York, NY 10002, United States of America",-73.9969264,40.7141434
Trinity Place & Rector Street,New York,10006,Trinity Place,New York,"Trinity Place, New York, NY 10006, United States of America",-74.0127315,40.7079741
Canal Street,New York,10013,Centre Street,New York,"Centre Street, New York, NY 10013, United States of America",-73.999892,40.718092
Canal Street,New York,10013,Canal Street,New York,"New York, NY 10013, United States of America",-74.0007681,40.7186195
Canal Street,New York,10013,Lafayette Street,New York,"Lafayette Street, New York, NY 10013, United States of America",-74.0004678,40.7184961
,New York,10013,Walker Street,New York,"New York, NY 10013, United States of America",-74.0055688,40.7200047
Harrison Street & West Street,New York,10013,Harrison Street,New York,"Harrison Street, New York, NY 10013, United States of America",-74.011363,40.718817
Hudson Street & North Moore Street,New York,10014,Hudson Street,New York,"Hudson Street, New York, NY 10014, United States of America",-74.0084953,40.7198505
Broad Street,New York,10004,Broad Street,New York,"New York, NY 10004, United States of America",-74.0110604,40.7064906
Broadway and Exchange Alley,New York,10003,Broadway,New York,"Broadway, New York, NY 10003, United States of America",-74.0121754,40.7070773
Water Street & Wall Street,New York,10004,Water Street,New York,"Water Street, New York, NY 10004, United States of America",-74.0068615,40.705422
Canal Street,New York,10003,Broadway,New York,"Broadway, New York, NY 10003, United States of America",-74.001775,40.719527
Murray Street & North End Avenue,New York,10282,Murray Street,New York,"Murray Street, New York, NY 10282, United States of America",-74.0150924,40.7157702
Trinity Place/Exchange Alley,New York,10006,Trinity Place,New York,"Trinity Place, New York, NY 10006, United States of America",-74.0130541,40.7074981
Water Street & Wall Street,New York,10004,Water Street,New York,"Water Street, New York, NY 10004, United States of America",-74.0077758,40.7050694
South End Avenue & Gateway Plaza,New York,10280,South End Avenue,New York,"South End Avenue, New York, NY 10280, United States of America",-74.0159795,40.7106634
Rector Street,New York,10006,Trinity Place,New York,"Trinity Place, New York, NY 10006, United States of America",-74.013342,40.70722
Rector Street,New York,10006,Greenwich Street,New York,"Greenwich Street, New York, NY 10006, United States of America",-74.01385,40.7073629
South End Avenue & Gateway Plaza,New York,10280,South End Avenue,New York,"South End Avenue, New York, NY 10280, United States of America",-74.0162606,40.7107105
6th Avenue & York Street,New York,10019,6th Avenue,New York,"6th Avenue, New York, NY 10019, United States of America",-74.0050941,40.7211253
Madison St & Market St,New York,10002,Madison Street,New York,"Madison Street, New York, NY 10002, United States of America",-73.994868,40.7123215
Broadway and Grand Street,New York,10003,Broadway,New York,"Broadway, New York, NY 10003, United States of America",-74.0010096,40.7205415
Broadway & Grand Street,New York,10003,Broadway,New York,"Broadway, New York, NY 10003, United States of America",-74.0010102,40.7205751
Water Street & Old Slip,New York,10004,Water Street,New York,"Water Street, New York, NY 10004, United States of America",-74.0085012,40.7043145
Canal Street,New York,10005,Canal Street,New York,"New York, NY 10005, United States of America",-74.0052989,40.7218493
51 Chrystie St,New York,10002,Chrystie Street,New York,"Chrystie Street, New York, NY 10002, United States of America",-73.9949517,40.7162023
East Broadway & Forsyth Street,New York,11201,Manhattan Bridge,New York,"Manhattan Bridge, New York, NY 11201, United States of America",-73.9940579,40.7136152
Madison Street & Market Street,New York,10002,Madison Street,New York,"Madison Street, New York, NY 10002, United States of America",-73.9939417,40.7122965
Brookfield Place / Battery Park City Ferry Terminal,New York,10285,Battery Park City Greenway,New York,"Battery Park City Greenway, New York, NY 10285, United States of America",-74.0177709,40.7150016
bus,New York,10002,Bowery,New York,"87 Bowery, New York, NY 10002, United States of America",-73.9950691,40.7168224
Water Street & Hanover Square,New York,10004,Water Street,New York,"Water Street, New York, NY 10004, United States of America",-74.0094172,40.7039222
IKEA Ferry,New York,10041,Pier 11,New York,"Pier 11, New York, NY 10041, United States of America",-74.0061757,40.7035094
Centre Street & Grand Street,New York,10013,Centre Street,New York,"Centre Street, New York, NY 10013, United States of America",-73.9982673,40.7200138
Bowery & Hester Street,New York,10012,Bowery,New York,"Bowery, New York, NY 10012, United States of America",-73.995258,40.7174636
West Thames Street & South End Avenue,New York,10280,West Thames Street,New York,"West Thames Street, New York, NY 10280, United States of America",-74.0171071,40.7084505
West Thames Street & South End Avenue,New York,10280,West Thames Street,New York,"West Thames Street, New York, NY 10280, United States of America",-74.0170381,40.7081938
Battery Place & 3rd Place,New York,10280,Battery Place,New York,"Battery Place, New York, NY 10280, United States of America",-74.01682,40.7076684
6th Avenue & Thompson Street,New York,10019,6th Avenue,New York,"6th Avenue, New York, NY 10019, United States of America",-74.0050971,40.7224815
Canal Street,New York,10005,Canal Street,New York,"New York, NY 10005, United States of America",-74.0062894,40.7225571
Bowery & Grand Street,New York,10012,Bowery,New York,"Bowery, New York, NY 10012, United States of America",-73.9950902,40.7181304
Broadway & Broome Street,New York,10003,Broadway,New York,"Broadway, New York, NY 10003, United States of America",-74.0001096,40.7216454
Broadway & Battery Place,New York,10275,Broadway,New York,"Broadway, New York, NY 10275, United States of America",-74.0141139,40.7049011
Pike Street & Madison Street,New York,10002,Pike Street,New York,"Pike Street, New York, NY 10002, United States of America",-73.9926849,40.7127316
Battery Place & 3rd Place,New York,10280,Battery Place,New York,"Battery Place, New York, NY 10280, United States of America",-74.0173494,40.7073004
Greenwich Street at Battery Place,New York,10275,Battery Place,New York,"Battery Place, New York, NY 10275, United States of America",-74.0147827,40.7049524
Bowling Green,New York,10275,Battery Place,New York,"Battery Place, New York, NY 10275, United States of America",-74.0140946,40.7045091
Pier 11/Wall Street Terminal,New York,10041,Pier 11,New York,"Pier 11, New York, NY 10041, United States of America",-74.0055003,40.7024303
Pike Street & Division Street,New York,10002,Pike Street,New York,"Pike Street, New York, NY 10002, United States of America",-73.9924556,40.714292
Black Deagon Bus Station,New York,10002,Pike Street,New York,"5 Pike Street, New York, NY 10002, United States of America",-73.9923707,40.7140311
East Broadway & Pike Street,New York,10002,East Broadway,New York,"East Broadway, New York, NY 10002, United States of America",-73.9923568,40.7139649
6th Avenue & Grand Street,New York,10019,6th Avenue,New York,"6th Avenue, New York, NY 10019, United States of America",-74.0047813,40.7232474
Bowery & Grand Street,New York,10012,Bowery,New York,"Bowery, New York, NY 10012, United States of America",-73.9945839,40.7186815
Water St & Broad St,New York,10004,Water Street,New York,"Water Street, New York, NY 10004, United States of America",-74.0110364,40.7029911
Madison Street & Pike Street,New York,10002,Madison Street,New York,"Madison Street, New York, NY 10002, United States of America",-73.9921108,40.7125651
Varick Street & Watts Street,New York,10005,Varick Street,New York,"Varick Street, New York, NY 10005, United States of America",-74.0063252,40.7233967
Madison Street & Pike Street,New York,10002,Madison Street,New York,"Madison Street, New York, NY 10002, United States of America",-73.9919308,40.7124131
Grand Street,New York,10002,Grand Street,New York,"New York, NY 10002, United States of America",-73.9937839,40.7181616
East Broadway & Pike Street,New York,10002,East Broadway,New York,"East Broadway, New York, NY 10002, United States of America",-73.9919045,40.713828
Battery Place & Washington Street,New York,10280,Battery Place,New York,"Battery Place, New York, NY 10280, United States of America",-74.01598,40.7050219
FlixBus NYC 28 Allen St.,New York,10002,Allen Street,New York,"Allen Street, New York, NY 10002, United States of America",-73.9919789,40.7156519
Whitehall Street–South Ferry,New York,10004,Whitehall Street,New York,"Whitehall Street, New York, NY 10004, United States of America",-74.012994,40.7030869
Broad Street & Water Street,New York,10004,Broad Street,New York,"Broad Street, New York, NY 10004, United States of America",-74.0114869,40.7024141
Allen Street & Hester Street,New York,10002,Allen Street,New York,"Allen Street, New York, NY 10002, United States of America",-73.992053,40.7164057
Broadway & Spring Street,New York,10003,Broadway,New York,"Broadway, New York, NY 10003, United States of America",-73.9991105,40.7227645
State Street & Bridge Street,New York,10004,State Street,New York,"State Street, New York, NY 10004, United States of America",-74.0145434,40.7033643
Bowery & Kenmare Street,New York,10012,Bowery,New York,"Bowery, New York, NY 10012, United States of America",-73.9943007,40.7200372
Spring Street,New York,10012,Lafayette Street,New York,"Lafayette Street, New York, NY 10012, United States of America",-73.9971855,40.7223025
Battery Place & West Street,New York,10280,Battery Place,New York,"Battery Place, New York, NY 10280, United States of America",-74.0176055,40.705203
East Broadway & Rutgers Street,New York,10002,East Broadway,New York,"East Broadway, New York, NY 10002, United States of America",-73.9907397,40.7140988
6th Avenue & Broome Street,New York,10005,6th Avenue,New York,"6th Avenue, New York, NY 10005, United States of America",-74.0042985,40.7244711
Battery Place / West Street,New York,10280,Battery Park City Greenway,New York,"Battery Park City Greenway, New York, NY 10280, United States of America",-74.0175292,40.7049282
DUMBO/BBP Pier 1,New York,11201,Brooklyn Bridge Park Greenway,New York,"Brooklyn Bridge Park Greenway, New York, NY 11201, United States of America",-73.9958496,40.703735
Bowery,New York,10002,Delancey Street,New York,"Delancey Street, New York, NY 10002, United States of America",-73.99372,40.7202174
Rutgers Street & Canal Street,New York,10002,Rutgers Street,New York,"Rutgers Street, New York, NY 10002, United States of America",-73.9902952,40.7141543
South Street & Whitehall Street,New York,10038,South Street,New York,"South Street, New York, NY 10038, United States of America",-74.0120843,40.7016459
East Broadway,New York,10002,Rutgers Street,New York,"Rutgers Street, New York, NY 10002, United States of America",-73.990173,40.713715
Allen Street & Grand Street,New York,10002,Allen Street,New York,"Allen Street, New York, NY 10002, United States of America",-73.9911872,40.7171791
South Ferry/Terminal,New York,10004,Peter Minuit Plaza,New York,"Peter Minuit Plaza, New York, NY 10004, United States of America",-74.0136924,40.7021052
Essex Street & Canal Street,New York,10002,Essex Street,New York,"Essex Street, New York, NY 10002, United States of America",-73.9901174,40.7146755
South St & Whitehall St,New York,10038,South Street,New York,"South Street, New York, NY 10038, United States of America",-74.0124253,40.7015792
South Ferry,New York,10004,Peter Minuit Plaza,New York,"Peter Minuit Plaza, New York, NY 10004, United States of America",-74.0131489,40.7017103
Allen Street & Grand Street,New York,10002,Allen Street,New York,"Allen Street, New York, NY 10002, United States of America",-73.990959,40.7176001
Staten Island Ferry Whitehall Terminal,New York,10004,South Street,New York,"4 South Street, New York, NY 10004, United States of America",-74.01305535394461,40.70096425
Broadway & Prince Street,New York,10003,Broadway,New York,"Broadway, New York, NY 10003, United States of America",-73.9980765,40.7240075
Battery Maritime Building,New York,10004,East River Greenway,New York,"East River Greenway, New York, NY 10004, United States of America",-74.0116105,40.7008035
Statue Cruises,New York,10004,Battery Park Underpass,New York,"Battery Park Underpass, New York, NY 10004, United States of America",-74.01736392652043,40.7032354
South Ferry/Terminal,New York,10004,Peter Minuit Plaza,New York,"Peter Minuit Plaza, New York, NY 10004, United States of America",-74.0138756,40.7015255
Spring Street,New York,10019,6th Avenue,New York,"6th Avenue, New York, NY 10019, United States of America",-74.0040137,40.7255399
,New York,10013,Spring Street,New York,"New York, NY 10013, United States of America",-74.0070789,40.7257352
6th Avenue & Spring Street,New York,10012,6th Avenue,New York,"6th Avenue, New York, NY 10012, United States of America",-74.0038242,40.7256902
Madison Street & Jefferson Street,New York,10002,Madison Street,New York,"Madison Street, New York, NY 10002, United States of America",-73.9888826,40.7128186
Battery Park,New York,10004,Battery Park Underpass,New York,"New York, NY 10004, United States of America",-74.0174644,40.7031131
Prince Street,New York,10003,Broadway,New York,"Broadway, New York, NY 10003, United States of America",-73.997702,40.724329
Spring Street & Greenwich Street,New York,10013,Spring Street,New York,"Spring Street, New York, NY 10013, United States of America",-74.0087025,40.725891
Bowery and Prince Street,New York,10012,Bowery,New York,"Bowery, New York, NY 10012, United States of America",-73.9935164,40.7221236
Hudson Street & Spring Street,New York,10014,Hudson Street,New York,"Hudson Street, New York, NY 10014, United States of America",-74.0074173,40.7260955
Whitehall,New York,10004,Battery Park Underpass,New York,"Battery Park Underpass, New York, NY 10004, United States of America",-74.013026,40.7005491
Madison Street & Jefferson Street,New York,10002,Madison Street,New York,"Madison Street, New York, NY 10002, United States of America",-73.9883535,40.7127387
Essex Street & Grand Street,New York,10002,Grand Street,New York,"Grand Street, New York, NY 10002, United States of America",-73.9891885,40.7168872
Allen Street & Delancey Street,New York,10002,Allen Street,New York,"Allen Street, New York, NY 10002, United States of America",-73.9904801,40.7194588
Grand Street & Essex Street,New York,10002,Grand Street,New York,"Grand Street, New York, NY 10002, United States of America",-73.9887263,40.7164539
Essex Street & Grand Street,New York,10002,Essex Street,New York,"Essex Street, New York, NY 10002, United States of America",-73.9888974,40.7169841
Old Fulton Street & Elizabeth Place,New York,11201,Old Fulton Street,New York,"Old Fulton Street, New York, NY 11201, United States of America",-73.9939594,40.7026065
Broadway & West Houston Street,New York,10003,Broadway,New York,"Broadway, New York, NY 10003, United States of America",-73.9971484,40.7251336
Varick Street & Charlton Street,New York,10014,Varick Street,New York,"Varick Street, New York, NY 10014, United States of America",-74.005719,40.7268914
Allen Street & Delancey Street,New York,10002,Allen Street,New York,"Allen Street, New York, NY 10002, United States of America",-73.9898545,40.7198157
Madison Street & Clinton Street,New York,10002,Madison Street,New York,"Madison Street, New York, NY 10002, United States of America",-73.987336,40.7129513
East Houston Street & Greene Street,New York,10014,West Houston Street,New York,"West Houston Street, New York, NY 10014, United States of America",-73.9981053,40.7258677
East Houston Street & Broadway,New York,10012,East Houston Street,New York,"East Houston Street, New York, NY 10012, United States of America",-73.9963397,40.7251814
Delancey Street & Ludlow Street,New York,10002,Delancey Street,New York,"Delancey Street, New York, NY 10002, United States of America",-73.9888299,40.7189098
Delancey Street & Essex Street,New York,10002,Delancey Street,New York,"Delancey Street, New York, NY 10002, United States of America",-73.9885294,40.7184727
6th Avenue & Prince Street,New York,10019,6th Avenue,New York,"6th Avenue, New York, NY 10019, United States of America",-74.0032191,40.7271874
Broadway–Lafayette Street,New York,10002,East Houston Street,New York,"East Houston Street, New York, NY 10002, United States of America",-73.996204,40.725297
West Houston Street & Mercer Street,New York,10014,West Houston Street,New York,"West Houston Street, New York, NY 10014, United States of America",-73.9969673,40.7256327
East Houston Street & Mulberry Street,New York,10012,Mulberry Street,New York,"Mulberry Street, New York, NY 10012, United States of America",-73.9951162,40.7248658
,New York,10012,MacDougal Street,New York,"New York, NY 10012, United States of America",-74.0027173,40.72724
Delancey Street,New York,10002,Delancey Street,New York,"New York, NY 10002, United States of America",-73.9881811,40.718428
West Houston Street & West Broadway,New York,10014,West Houston Street,New York,"West Houston Street, New York, NY 10014, United States of America",-73.9997495,40.7267181
East Houston Street & Crosby Street,New York,10012,East Houston Street,New York,"East Houston Street, New York, NY 10012, United States of America",-73.9960889,40.7254345
East Houston Street and Mulberry Street,New York,10012,East Houston Street,New York,"East Houston Street, New York, NY 10012, United States of America",-73.9939659,40.724467
Madison Street & Clinton Street,New York,10002,Madison Street,New York,"Madison Street, New York, NY 10002, United States of America",-73.9864975,40.7128619
West Houston Street & LaGuardia Place,New York,10014,West Houston Street,New York,"West Houston Street, New York, NY 10014, United States of America",-73.9996907,40.7269673
East Houston Street and Mulberry Street,New York,10002,East Houston Street,New York,"East Houston Street, New York, NY 10002, United States of America",-73.9944162,40.7249095
Essex Street,New York,10002,Delancey Street,New York,"Delancey Street, New York, NY 10002, United States of America",-73.9874236,40.7183982
East Houston Street & Bowery,New York,10012,East Houston Street,New York,"East Houston Street, New York, NY 10012, United States of America",-73.9922863,40.7238693
East Houston Street & Bowery,New York,10002,East Houston Street,New York,"East Houston Street, New York, NY 10002, United States of America",-73.9929879,40.7244218
Broadway & Bleecker Street,New York,10003,Broadway,New York,"Broadway, New York, NY 10003, United States of America",-73.9961882,40.726275
West Houston Street & MacDougal Street,New York,10012,West Houston Street,New York,"West Houston Street, New York, NY 10012, United States of America",-74.0023531,40.7279984
Essex Street & Rivington Street,New York,10002,Essex Street,New York,"Essex Street, New York, NY 10002, United States of America",-73.9877744,40.7196378
Madison Street & Montgomery Street,New York,10002,Madison Street,New York,"Madison Street, New York, NY 10002, United States of America",-73.9855192,40.7131084
Bleecker Street,New York,10012,Bleecker Street,New York,"New York, NY 10012, United States of America",-73.9946797,40.7259471
East Houston Street & Forsyth Street,New York,10002,East Houston Street,New York,"East Houston Street, New York, NY 10002, United States of America",-73.9907123,40.7233924
Houston Street,New York,10014,Varick Street,New York,"Varick Street, New York, NY 10014, United States of America",-74.0053077,40.7285993
Allen St & Stanton St,New York,10002,Allen Street,New York,"Allen Street, New York, NY 10002, United States of America",-73.9888443,40.7218224
West Houston Street & Hudson Street,New York,10014,West Houston Street,New York,"West Houston Street, New York, NY 10014, United States of America",-74.0068585,40.7288066
6th Avenue & West Houston Street,New York,10014,6th Avenue,New York,"6th Avenue, New York, NY 10014, United States of America",-74.002565,40.7286421
2nd Avenue,New York,10002,East Houston Street,New York,"East Houston Street, New York, NY 10002, United States of America",-73.989938,40.723402
Varick Street & Clarkson Street,New York,10014,Varick Street,New York,"Varick Street, New York, NY 10014, United States of America",-74.005375,40.7290101
Allen Street & East Houston Street,New York,10002,Allen Street,New York,"Allen Street, New York, NY 10002, United States of America",-73.9890059,40.7226138
Madison Street & Montgomery Street,New York,10002,Madison Street,New York,"Madison Street, New York, NY 10002, United States of America",-73.984633,40.7130373
Hudson Street & West Houston Street,New York,10014,Hudson Street,New York,"Hudson Street, New York, NY 10014, United States of America",-74.0069306,40.729123
Old Fulton Street & Prospect Street,New York,11201,Old Fulton Street,New York,"Old Fulton Street, New York, NY 11201, United States of America",-73.9910123,40.7010038
Grand Street & Samuel Dickstein Plaza,New York,10002,Grand Street,New York,"Grand Street, New York, NY 10002, United States of America",-73.9845608,40.7151965
Madison Street & Gouverneur Street,New York,10002,Madison Street,New York,"Madison Street, New York, NY 10002, United States of America",-73.9842764,40.7132379
,New York,10002,East Houston Street,New York,"New York, NY 10002, United States of America",-73.9891233,40.7232242
Bowery & East 2nd Street,New York,10012,Bowery,New York,"Bowery, New York, NY 10012, United States of America",-73.9919427,40.7254898
Bowery & Bond Street,New York,10012,Bowery,New York,"Bowery, New York, NY 10012, United States of America",-73.9921616,40.7258588
Broadway & West 3rd Street,New York,10003,Broadway,New York,"Broadway, New York, NY 10003, United States of America",-73.9951542,40.727459
Avenue A & East Houston Street,New York,10002,Essex Street,New York,"Essex Street, New York, NY 10002, United States of America",-73.9867426,40.7216159
Madison Street & Gouverneur Street,New York,10002,Madison Street,New York,"Madison Street, New York, NY 10002, United States of America",-73.9834922,40.7131863
Cadman Plaza West & Middagh Street,New York,11201,Cadman Plaza West,New York,"Cadman Plaza West, New York, NY 11201, United States of America",-73.9912785,40.699656
1st Avenue & East 1st Street,New York,10002,1st Avenue,New York,"1st Avenue, New York, NY 10002, United States of America",-73.9881611,40.7234922
2nd Avenue & East 3rd Street,New York,10035,2nd Avenue,New York,"2nd Avenue, New York, NY 10035, United States of America",-73.9901735,40.725393
High Street,New York,11201,Cadman Plaza West,New York,"Cadman Plaza West, New York, NY 11201, United States of America",-73.9914349,40.6992975
Grand Street & Willett Street,New York,10002,Grand Street,New York,"Grand Street, New York, NY 10002, United States of America",-73.9829288,40.7149265
Bowery & East 4th Street,New York,10012,Bowery,New York,"Bowery, New York, NY 10012, United States of America",-73.9915324,40.7267131
Cadman Plaza West @ Cadman Plaza Park,New York,11201,Cadman Plaza West,New York,"Cadman Plaza West, New York, NY 11201, United States of America",-73.9911832,40.6991028
Bowery & East 4th Street,New York,10012,Bowery,New York,"Bowery, New York, NY 10012, United States of America",-73.9917874,40.7269174
,New York,10014,7th Avenue South,New York,"New York, NY 10014, United States of America",-74.0046638,40.7306008
359 Madison Street @ Vladeck Houses,New York,10002,Madison Street,New York,"Madison Street, New York, NY 10002, United States of America",-73.9823491,40.7134571
East Houston Street & Avenue A,New York,10009,Avenue A,New York,"Avenue A, New York, NY 10009, United States of America",-73.9859476,40.722647
Clark Street,New York,11201,Clark Street,New York,"New York, NY 11201, United States of America",-73.9930222,40.6974653
1st Avenue & East 3rd Street,New York,10009,1st Avenue,New York,"1st Avenue, New York, NY 10009, United States of America",-73.9874634,40.7243938
356 Madison Street @ Vladeck Houses,New York,10002,Madison Street,New York,"Madison Street, New York, NY 10002, United States of America",-73.9818857,40.7133758
6th Avenue & West 3rd Street,New York,10014,6th Avenue,New York,"6th Avenue, New York, NY 10014, United States of America",-74.0013897,40.7308271
York Street,New York,11201,Jay Street,New York,"Jay Street, New York, NY 11201, United States of America",-73.986751,40.701397
Grand Street & Abraham Kazan Street,New York,10002,Grand Street,New York,"Grand Street, New York, NY 10002, United States of America",-73.9814699,40.7145111
Avenue A & East 3rd Street,New York,10009,Avenue A,New York,"Avenue A, New York, NY 10009, United States of America",-73.9855504,40.7234635
East Houston Street & Avenue B,New York,10002,East Houston Street,New York,"East Houston Street, New York, NY 10002, United States of America",-73.9841125,40.7217479
East Houston Street & Clinton Street,New York,10002,East Houston Street,New York,"East Houston Street, New York, NY 10002, United States of America",-73.9836882,40.7212687
Broadway & Waverly Place,New York,10003,Broadway,New York,"Broadway, New York, NY 10003, United States of America",-73.9935603,40.7293656
Sands Street & Pearl Street,New York,11201,Sands Street,New York,"Sands Street, New York, NY 11201, United States of America",-73.9873744,40.699907
Jackson Street & Madison Street,New York,10002,Jackson Street,New York,"Jackson Street, New York, NY 10002, United States of America",-73.9807612,40.7134366
West 4th Street–Washington Square,New York,10014,West 4th Street,New York,"West 4th Street, New York, NY 10014, United States of America",-74.0009941,40.731643
,New York,10002,Manhattan Bridge Pedestrian Path,New York,"New York, NY 10002, United States of America",-73.9868772,40.700162
2nd Avenue & East 6th Street,New York,10035,2nd Avenue,New York,"2nd Avenue, New York, NY 10035, United States of America",-73.988893,40.7271156
Avenue A & East 3rd Street,New York,10009,Avenue A,New York,"Avenue A, New York, NY 10009, United States of America",-73.9850633,40.7238319
1st Avenue & East 4th Street,New York,10009,1st Avenue,New York,"1st Avenue, New York, NY 10009, United States of America",-73.9866614,40.7255129
NYU Trolley Stop,New York,10012,Washington Square East,New York,"Washington Square East, New York, NY 10012, United States of America",-73.9956415,40.7305783
Broadway & Waverly Place,New York,10003,Broadway,New York,"Broadway, New York, NY 10003, United States of America",-73.9932451,40.7297457
Cadman Plaza West & Tillary Street,New York,11201,Cadman Plaza West,New York,"Cadman Plaza West, New York, NY 11201, United States of America",-73.9911624,40.6966963
7th Avenue & Barrow Street,New York,10014,7th Avenue South,New York,"7th Avenue South, New York, NY 10014, United States of America",-74.0035717,40.7325494
Delancey Street & Columbia Street,New York,10009,Columbia Street,New York,"Columbia Street, New York, NY 10009, United States of America",-73.980304,40.7164997
Paulus Hook Ferry Terminal,Jersey City,07311,Paulus Hook Pier,New Jersey,"Paulus Hook Pier, Jersey City, NJ 07311, United States of America",-74.0321327,40.7138158
Avenue A & East 6th Street,New York,10009,Avenue A,New York,"Avenue A, New York, NY 10009, United States of America",-73.9847299,40.724565
Christopher Street & Washington Street,New York,10014,Christopher Street,New York,"Christopher Street, New York, NY 10014, United States of America",-74.0089848,40.7326946
East Houston Street & Ridge Street,New York,10002,East Houston Street,New York,"East Houston Street, New York, NY 10002, United States of America",-73.9818344,40.7207312
Bridge Park Drive & Joralemon Street,New York,11201,Bridge Park Drive,New York,"Bridge Park Drive, New York, NY 11201, United States of America",-74.0008129,40.6931101
Christopher Street & Greenwich Street,New York,10014,Christopher Street,New York,"Christopher Street, New York, NY 10014, United States of America",-74.0078115,40.7328737
Lafayette Street & Astor Place,New York,10003,Lafayette Street,New York,"Lafayette Street, New York, NY 10003, United States of America",-73.9915037,40.7297087
Christopher Street,New York,10014,Christopher Street,New York,"New York, NY 10014, United States of America",-74.0069062,40.7329877
8th Street–New York University,New York,10003,Broadway,New York,"Broadway, New York, NY 10003, United States of America",-73.9926289,40.730328
,Jersey City,07311,Paulus Hook Pier,New Jersey,"Jersey City, NJ 07311, United States of America",-74.0327801467434,40.71364225
Astor Place,New York,10003,Lafayette Street,New York,"Lafayette Street, New York, NY 10003, United States of America",-73.991398,40.7298513
,New York,11251,FDR Drive,New York,"New York, NY 11251, United States of America",-73.9792325480706,40.7101751
Cadman Plaza West & Tillary Street,New York,11201,Cadman Plaza West,New York,"Cadman Plaza West, New York, NY 11201, United States of America",-73.9908963,40.6958855
Exchange Place,Jersey City,07311,Hudson River Waterfront Walkway,New Jersey,"Hudson River Waterfront Walkway, Jersey City, NJ 07311, United States of America",-74.0324551,40.7167341
East 8th Street & Mercer Street,New York,10003,East 8th Street,New York,"East 8th Street, New York, NY 10003, United States of America",-73.992926,40.7307457
Corlears Hook,New York,11251,FDR Drive,New York,"FDR Drive, New York, NY 11251, United States of America",-73.9792319,40.7101297
Hudson Street & Christopher Street,New York,10014,Hudson Street,New York,"Hudson Street, New York, NY 10014, United States of America",-74.006243,40.7333689
East 8th Street & Lafayette Street,New York,10003,East 8th Street,New York,"East 8th Street, New York, NY 10003, United States of America",-73.9913887,40.7301208
Christopher Street & Bleecker Street,New York,10014,Christopher Street,New York,"Christopher Street, New York, NY 10014, United States of America",-74.0047605,40.7333663
Brooklyn Bridge Park Pier 6/Atlantic Avenue,New York,11201,Brooklyn Bridge Park Greenway,New York,"Brooklyn Bridge Park Greenway, New York, NY 11201, United States of America",-74.0020061,40.6924305
Avenue A & East 5th Street,New York,10009,Avenue A,New York,"Avenue A, New York, NY 10009, United States of America",-73.9841665,40.7249779
West 10th Street & Washington Street,New York,10014,West 10th Street,New York,"West 10th Street, New York, NY 10014, United States of America",-74.0087128,40.7333136
East 8th Street & 5th Avenue,New York,10003,East 8th Street,New York,"East 8th Street, New York, NY 10003, United States of America",-73.995945,40.732023
West 10th Street & Greenwich Street,New York,10014,West 10th Street,New York,"West 10th Street, New York, NY 10014, United States of America",-74.0075111,40.7335067
Ilha dos governadores,New York,10004,Carder Road,New York,"Carder Road, New York, NY 10004, United States of America",-74.0150361,40.6932017
East 8th Street & 5th Avenue,New York,10011,West 8th Street,New York,"West 8th Street, New York, NY 10011, United States of America",-73.9965554,40.7322906
Ilha dos governadores,New York,10004,Carder Road,New York,"Carder Road, New York, NY 10004, United States of America",-74.0152945,40.6932682
Harborside,Jersey City,07311,Hoboken Newport Walkway,New Jersey,"Hoboken Newport Walkway, Jersey City, NJ 07311, United States of America",-74.0321472,40.7188701
6th Avenue & Waverly Place,New York,10019,6th Avenue,New York,"6th Avenue, New York, NY 10019, United States of America",-73.9997962,40.7331031
Christopher Street & 7th Avenue South,New York,10014,Christopher Street,New York,"Christopher Street, New York, NY 10014, United States of America",-74.003263,40.7335852
Saint Marks Place & 2nd Avenue,New York,10003,Saint Mark's Place,New York,"Saint Mark's Place, New York, NY 10003, United States of America",-73.9879396,40.7285967
Christopher Street–Sheridan Square,New York,10014,Christopher Street,New York,"Christopher Street, New York, NY 10014, United States of America",-74.0028294,40.7336088
Jay Street & Concord Street,New York,11201,Jay Street,New York,"Jay Street, New York, NY 11201, United States of America",-73.9871457,40.697514
Jay Street & Concord Street,New York,11201,Concord Street,New York,"Concord Street, New York, NY 11201, United States of America",-73.986951,40.6976146
,New York,11201,Gold Street,New York,"New York, NY 11201, United States of America",-73.9830115,40.7011651
Soissons Landing,New York,10004,Carder Road,New York,"Carder Road, New York, NY 10004, United States of America",-74.015306,40.6930135
Avenue C & East 3rd Street,New York,10009,Avenue C,New York,"Avenue C, New York, NY 10009, United States of America",-73.9808329,40.7214941
4th Avenue & East 9th Street,New York,10003,4th Avenue,New York,"4th Avenue, New York, NY 10003, United States of America",-73.9904924,40.7303551
,New York,11251,York Street,New York,"New York, NY 11251, United States of America",-73.9826212,40.7012821
West 8th Street & 6th Avenue,New York,10011,West 8th Street,New York,"West 8th Street, New York, NY 10011, United States of America",-73.9991692,40.7333804
East 9th Street & Broadway,New York,10003,East 9th Street,New York,"East 9th Street, New York, NY 10003, United States of America",-73.9923393,40.7314134
2nd Avenue & Saint Marks Place,New York,10035,2nd Avenue,New York,"2nd Avenue, New York, NY 10035, United States of America",-73.9876078,40.7288868
Christopher Street & Waverly Place,New York,10014,Christopher Street,New York,"Christopher Street, New York, NY 10014, United States of America",-74.0015029,40.7338658
7th Avenue South and West 10th Street,New York,10014,7th Avenue South,New York,"7th Avenue South, New York, NY 10014, United States of America",-74.0027043,40.7340254
East 9th Street & Cooper Square,New York,10003,East 9th Street,New York,"East 9th Street, New York, NY 10003, United States of America",-73.9903652,40.730569
Grand Street & FDR Drive,New York,11251,Grand Street,New York,"Grand Street, New York, NY 11251, United States of America",-73.9778607,40.7132399
East 9th Street & 3rd Avenue,New York,10003,East 9th Street,New York,"East 9th Street, New York, NY 10003, United States of America",-73.9892658,40.7301127
Avenue C & East 3rd Street,New York,10009,Avenue C,New York,"Avenue C, New York, NY 10009, United States of America",-73.9803463,40.7218715
Sands Street & Gold Street,New York,11251,Sands Street,New York,"Sands Street, New York, NY 11251, United States of America",-73.983342,40.6998835
Tillary Street & Adams Street,New York,11201,Tillary Street,New York,"Tillary Street, New York, NY 11201, United States of America",-73.9881778,40.6960094
West 10th Street & 7 Avenue South,New York,10014,West 10th Street,New York,"West 10th Street, New York, NY 10014, United States of America",-74.0027227,40.7342445
West 9th Street & 5th Avenue,New York,10011,West 9th Street,New York,"West 9th Street, New York, NY 10011, United States of America",-73.996336,40.7331038
Court Street,New York,11201,Montague Street,New York,"Montague Street, New York, NY 11201, United States of America",-73.991777,40.6941
Exchange Place,Jersey City,07311,Hudson Street,New Jersey,"Hudson Street, Jersey City, NJ 07311, United States of America",-74.0341139,40.7160215
Saint Marks Place & 1st Avenue,New York,10003,Saint Mark's Place,New York,"Saint Mark's Place, New York, NY 10003, United States of America",-73.9849703,40.7273924
Avenue D & East Houston Street,New York,10002,Columbia Street,New York,"Columbia Street, New York, NY 10002, United States of America",-73.9788443,40.7195427
East 9th Street & 2nd Avenue,New York,10003,East 9th Street,New York,"East 9th Street, New York, NY 10003, United States of America",-73.9875178,40.7293754
Sands Street & Gold Street,New York,11251,Sands Street,New York,"Sands Street, New York, NY 11251, United States of America",-73.9832159,40.6996863
Gold Street & Sands Street,New York,11251,Gold Street,New York,"Gold Street, New York, NY 11251, United States of America",-73.9828505,40.7000091
9th Street,New York,10011,Christopher Street,New York,"Christopher Street, New York, NY 10011, United States of America",-73.9996395,40.7340749
Christopher Columbus Drive at Hudson Street,Jersey City,07311,Christopher Columbus Drive,New Jersey,"Christopher Columbus Drive, Jersey City, NJ 07311, United States of America",-74.0341695,40.7170014
5th Avenue & West 10th street,New York,10035,5th Avenue,New York,"5th Avenue, New York, NY 10035, United States of America",-73.9957571,40.7332391
Greenwich Avenue & Christopher Street,New York,10014,Christopher Street,New York,"Christopher Street, New York, NY 10014, United States of America",-73.9997852,40.7341714
3rd Avenue & East 10th Street,New York,10035,3rd Avenue,New York,"3rd Avenue, New York, NY 10035, United States of America",-73.989061,40.7305305
Gold Street & Sands Street,New York,11201,Gold Street,New York,"Gold Street, New York, NY 11201, United States of America",-73.9830332,40.699434
East Houston Street & Avenue D,New York,10002,East Houston Street,New York,"East Houston Street, New York, NY 10002, United States of America",-73.9784972,40.7196452
West 9th Street & 6th Avenue,New York,10011,West 9th Street,New York,"West 9th Street, New York, NY 10011, United States of America",-73.9988966,40.7341609
1st Avenue & East 9th Street,New York,10009,1st Avenue,New York,"1st Avenue, New York, NY 10009, United States of America",-73.9848639,40.7280362
Saint Marks Place & Avenue A,New York,10009,Saint Mark's Place,New York,"Saint Mark's Place, New York, NY 10009, United States of America",-73.9832875,40.7266773
Avenue D & East Houston Street,New York,10009,Avenue D,New York,"Avenue D, New York, NY 10009, United States of America",-73.9784304,40.7201904
Liberty State Park,Jersey City,07311,Hudson River Waterfront Walkway,New Jersey,"Hudson River Waterfront Walkway, Jersey City, NJ 07311, United States of America",-74.0344078,40.7075327
Adams Street & Johnson Street,New York,11201,Adams Street,New York,"Adams Street, New York, NY 11201, United States of America",-73.9890754,40.6945766
Harborside Financial Center,Jersey City,07311,Hudson Street,New Jersey,"Hudson Street, Jersey City, NJ 07311, United States of America",-74.0339995,40.7194979
3rd Avenue & East 10th Street,New York,10035,3rd Avenue,New York,"3rd Avenue, New York, NY 10035, United States of America",-73.9889988,40.731009
Hudson Street & Perry Street,New York,10014,Hudson Street,New York,"Hudson Street, New York, NY 10014, United States of America",-74.0059326,40.7353404
Avenue A & Saint Marks Place,New York,10009,Avenue A,New York,"Avenue A, New York, NY 10009, United States of America",-73.9828312,40.7268878
Avenue A & East 9th Street,New York,10009,Avenue A,New York,"Avenue A, New York, NY 10009, United States of America",-73.9828928,40.72707
Montgomery Street at Greene Street,Jersey City,07311,Montgomery Street,New Jersey,"Montgomery Street, Jersey City, NJ 07311, United States of America",-74.0353351,40.7166742
Avenue C & East 5th Street,New York,10009,Avenue C,New York,"Avenue C, New York, NY 10009, United States of America",-73.9794705,40.7231029
Cadman Plaza West & Montague Street,New York,11231,Court Street,New York,"Court Street, New York, NY 11231, United States of America",-73.9903404,40.6934991
Avenue C & East 6th Street,New York,10009,Avenue C,New York,"Avenue C, New York, NY 10009, United States of America",-73.9795406,40.7233071
Avenue D & East 4th Street,New York,10009,Avenue D,New York,"Avenue D, New York, NY 10009, United States of America",-73.978068,40.7209984
Cadman Plaza West & Remsen Street,New York,11231,Court Street,New York,"Court Street, New York, NY 11231, United States of America",-73.9904135,40.693347
7th Avenue South and Waverly Place,New York,10014,7th Avenue South,New York,"7th Avenue South, New York, NY 10014, United States of America",-74.00195,40.735379
Essex Street,Jersey City,07302,Essex Street,New Jersey,"Jersey City, NJ 07302, United States of America",-74.0359523,40.7128648
East 9th Street & Avenue A,New York,10003,East 9th Street,New York,"East 9th Street, New York, NY 10003, United States of America",-73.9829363,40.7274336
6th Avenue & W 10th Street,New York,10019,6th Avenue,New York,"6th Avenue, New York, NY 10019, United States of America",-73.9984515,40.734947
3rd Avenue & East 12th Street,New York,10035,3rd Avenue,New York,"3rd Avenue, New York, NY 10035, United States of America",-73.9882032,40.7316889
Atlantic Avenue & Henry Street,New York,11208,Atlantic Avenue,New York,"Atlantic Avenue, New York, NY 11208, United States of America",-73.9960804,40.6908154
5th Avenue & West 12th Street,New York,10035,5th Avenue,New York,"5th Avenue, New York, NY 10035, United States of America",-73.9948531,40.7344538
Borough Hall,New York,11201,Joralemon Street,New York,"Joralemon Street, New York, NY 11201, United States of America",-73.9897911,40.6930294
East 10th Street & Avenue A,New York,10009,East 10th Street,New York,"East 10th Street, New York, NY 10009, United States of America",-73.9819733,40.727664
Navy Street & Sands Street,New York,11251,Navy Street,New York,"Navy Street, New York, NY 11251, United States of America",-73.9803594,40.6995469
East 10th Street & Avenue A,New York,10009,Avenue A,New York,"Avenue A, New York, NY 10009, United States of America",-73.9820406,40.7278257
Adams Street & Brooklyn Supreme Court,New York,11201,Adams Street,New York,"Adams Street, New York, NY 11201, United States of America",-73.9891727,40.6929241
Columbia Street & Congress Street,New York,11231,Columbia Street Greenway,New York,"Columbia Street Greenway, New York, NY 11231, United States of America",-74.0006589,40.6894654
Borough Hall,New York,11201,Joralemon Street,New York,"Joralemon Street, New York, NY 11201, United States of America",-73.9900634,40.6924142
Avenue C & East 7th Street,New York,10009,Avenue C,New York,"Avenue C, New York, NY 10009, United States of America",-73.978597,40.7242666
Avenue D & East 5th Street,New York,10009,Avenue D,New York,"Avenue D, New York, NY 10009, United States of America",-73.9771432,40.7219942
Gold Street & Tillary Street,New York,11251,Gold Street,New York,"Gold Street, New York, NY 11251, United States of America",-73.9830869,40.6965774
Avenue C & East 8th Street,New York,10009,Avenue C,New York,"Avenue C, New York, NY 10009, United States of America",-73.9786732,40.7244956
Adams Street & Brooklyn Supreme Court,New York,11201,Adams Street,New York,"Adams Street, New York, NY 11201, United States of America",-73.9891478,40.6926491
Gold Street & Tillary Street,New York,11251,Gold Street,New York,"Gold Street, New York, NY 11251, United States of America",-73.9832893,40.6963024
Avenue A & East 11th Street,New York,10009,Avenue A,New York,"Avenue A, New York, NY 10009, United States of America",-73.9820429,40.7282553
1st Avenue & East 11th Street,New York,10009,1st Avenue,New York,"1st Avenue, New York, NY 10009, United States of America",-73.9836857,40.7296206
Atlantic Avenue & Clinton Street,New York,11208,Atlantic Avenue,New York,"Atlantic Avenue, New York, NY 11208, United States of America",-73.994588,40.6904061
Grand Street at Washington Street,Jersey City,07304,Grand Street,New Jersey,"Grand Street, Jersey City, NJ 07304, United States of America",-74.0374728,40.7153548
Livingston Street & Court Street,New York,11217,Livingston Street,New York,"Livingston Street, New York, NY 11217, United States of America",-73.9911541,40.6914176
Bethune Street & Greenwich Street,New York,10014,Bethune Street,New York,"Bethune Street, New York, NY 10014, United States of America",-74.0063279,40.7369939
Columbia Street & Warren Street,New York,11231,Columbia Street,New York,"Columbia Street, New York, NY 11231, United States of America",-74.0007107,40.688936
Court Street & Schermerhorn Street,New York,11231,Court Street,New York,"Court Street, New York, NY 11231, United States of America",-73.9917723,40.6911426
East 10th Street & Avenue B,New York,10009,East 10th Street,New York,"East 10th Street, New York, NY 10009, United States of America",-73.9802066,40.7270581
8th Avenue & Bleecker Street,New York,10014,8th Avenue,New York,"8th Avenue, New York, NY 10014, United States of America",-74.005225,40.7370738
6th Avenue & West 12th Street,New York,10019,6th Avenue,New York,"6th Avenue, New York, NY 10019, United States of America",-73.997517,40.7362481
Washington Street at Christopher Columbus Drive,Jersey City,07311,Washington Street,New Jersey,"Washington Street, Jersey City, NJ 07311, United States of America",-74.0372938,40.7179132
Montgomery Street at Washington Street,Jersey City,07306,Montgomery Street,New Jersey,"Montgomery Street, Jersey City, NJ 07306, United States of America",-74.0375919,40.7167163
7th Avenue & West 12th Street,New York,10001,7th Avenue,New York,"7th Avenue, New York, NY 10001, United States of America",-74.0010693,40.7368694
,New York,10003,4th Avenue,New York,"New York, NY 10003, United States of America",-73.9897328,40.733822
East 10th Street & Avenue B,New York,10009,East 10th Street,New York,"East 10th Street, New York, NY 10009, United States of America",-73.9795847,40.7266566
Montomery Street at Washington Street,Jersey City,07311,Montgomery Street,New Jersey,"Montgomery Street, Jersey City, NJ 07311, United States of America",-74.0376742,40.7169512
Avenue A & East 11th Street,New York,10009,Avenue A,New York,"Avenue A, New York, NY 10009, United States of America",-73.9814856,40.7286881
Broadway/East 13th Street,New York,10003,Broadway,New York,"Broadway, New York, NY 10003, United States of America",-73.9909411,40.7344668
Flushing Avenue & Navy Street,New York,11237,Flushing Avenue,New York,"Flushing Avenue, New York, NY 11237, United States of America",-73.9801059,40.6981724
4th Avenue & East 14th Street,New York,10003,4th Avenue,New York,"4th Avenue, New York, NY 10003, United States of America",-73.9899821,40.7341217
Boerum Place & Joralemon Street,New York,11201,Boerum Place,New York,"Boerum Place, New York, NY 11201, United States of America",-73.9893584,40.6917517
3rd Avenue & East 14th Street,New York,10035,3rd Avenue,New York,"3rd Avenue, New York, NY 10035, United States of America",-73.9875313,40.7329746
2nd Avenue & East 13th Street,New York,10035,2nd Avenue,New York,"2nd Avenue, New York, NY 10035, United States of America",-73.9854377,40.7318624
Broadway/East 14th Street,New York,10003,Broadway,New York,"Broadway, New York, NY 10003, United States of America",-73.9909083,40.7346297
East 14th Street & Irving Place,New York,10003,East 14th Street,New York,"East 14th Street, New York, NY 10003, United States of America",-73.9889896,40.7339518
Union Square,New York,10003,East 14th Street,New York,"East 14th Street, New York, NY 10003, United States of America",-73.9903599,40.734603
Jay Street & Willoughby Street,New York,11201,Jay Street,New York,"Jay Street, New York, NY 11201, United States of America",-73.9873838,40.6923509
East 14th Street & 5th Avenue,New York,10003,East 14th Street,New York,"East 14th Street, New York, NY 10003, United States of America",-73.9931113,40.7356887
Jay Street–MetroTech,New York,11201,Jay Street,New York,"Jay Street, New York, NY 11201, United States of America",-73.987342,40.692338
East 14th Street & 3rd Avenue,New York,10003,East 14th Street,New York,"East 14th Street, New York, NY 10003, United States of America",-73.9867269,40.7329904
2nd Avenue & East 14th Street,New York,10035,2nd Avenue,New York,"2nd Avenue, New York, NY 10035, United States of America",-73.9852252,40.7321471
8th Avenue & West 12th Street,New York,10014,8th Avenue,New York,"8th Avenue, New York, NY 10014, United States of America",-74.0044411,40.7377583
East 14th Street & Union Square West,New York,10003,East 14th Street,New York,"East 14th Street, New York, NY 10003, United States of America",-73.9919969,40.7354172
Avenue C & East 10th Street,New York,10009,Avenue C,New York,"Avenue C, New York, NY 10009, United States of America",-73.9777786,40.7256779
3rd Avenue,New York,10003,East 14th Street,New York,"East 14th Street, New York, NY 10003, United States of America",-73.986821,40.7331529
East 14th Street & 3rd Avenue,New York,10003,East 14th Street,New York,"East 14th Street, New York, NY 10003, United States of America",-73.9875592,40.7335552
Atlantic Avenue & Court Street,New York,11208,Atlantic Avenue,New York,"Atlantic Avenue, New York, NY 11208, United States of America",-73.9926756,40.6898763
14th Street–Union Square,New York,10003,Union Square East,New York,"Union Square East, New York, NY 10003, United States of America",-73.9899805,40.7347942
East 10th Street & Avenue C,New York,10009,East 10th Street,New York,"East 10th Street, New York, NY 10009, United States of America",-73.9779084,40.7260779
Court Street & Atlantic Avenue,New York,11231,Court Street,New York,"Court Street, New York, NY 11231, United States of America",-73.992354,40.6898726
Washington Boulevard at 4th Street,Jersey City,07311,Washington Boulevard,New Jersey,"Washington Boulevard, Jersey City, NJ 07311, United States of America",-74.0363892,40.7227657
14th Street,New York,10019,6th Avenue,New York,"6th Avenue, New York, NY 10019, United States of America",-73.9970695,40.7370478
Jay Street & Willoughby Street,New York,11201,Jay Street,New York,"Jay Street, New York, NY 11201, United States of America",-73.9872551,40.6920075
East 14th Street & 2nd Avenue,New York,10003,East 14th Street,New York,"East 14th Street, New York, NY 10003, United States of America",-73.9846215,40.7320956
East 14th Street & 2nd Avenue,New York,10003,East 14th Street,New York,"East 14th Street, New York, NY 10003, United States of America",-73.985292,40.7325964
3rd Avenue & East 14th Street,New York,10035,3rd Avenue,New York,"3rd Avenue, New York, NY 10035, United States of America",-73.986849,40.7335592
West 14th Street & 6th Avenue,New York,10011,West 14th Street,New York,"West 14th Street, New York, NY 10011, United States of America",-73.9964914,40.7371174
Newport,Jersey City,07311,Hoboken Newport Walkway- Hudson River Waterfront Walkway,New Jersey,"Jersey City, NJ 07311, United States of America",-74.0344862,40.726036
East 10th Street & Avenue C,New York,10009,East 10th Street,New York,"402 East 10th Street, New York, NY 10009, United States of America",-73.9771755,40.7256075
Grand Street at Warren Street,Jersey City,07304,Grand Street,New Jersey,"Grand Street, Jersey City, NJ 07304, United States of America",-74.0391986,40.7155241
Boerum Place & Livingston Street,New York,11201,Boerum Place,New York,"Boerum Place, New York, NY 11201, United States of America",-73.9891894,40.6908066
Jay Street & Fulton Mall,New York,11201,Jay Street,New York,"Jay Street, New York, NY 11201, United States of America",-73.9873868,40.6916624
Fulton Mall & Smith Street,New York,11201,Fulton Mall,New York,"Fulton Mall, New York, NY 11201, United States of America",-73.9876059,40.6915138
14th Street,New York,10001,7th Avenue,New York,"7th Avenue, New York, NY 10001, United States of America",-74.0001587,40.7379008
6th Avenue,New York,10011,West 14th Street,New York,"West 14th Street, New York, NY 10011, United States of America",-73.997068,40.7374588
Hudson Street & Jane Street,New York,10014,Hudson Street,New York,"Hudson Street, New York, NY 10014, United States of America",-74.0056631,40.7384069
Atlantic Avenue & Court Street,New York,11208,Atlantic Avenue,New York,"Atlantic Avenue, New York, NY 11208, United States of America",-73.9920555,40.6894931
8th Avenue & West 4th Street,New York,10014,8th Avenue,New York,"8th Avenue, New York, NY 10014, United States of America",-74.0037556,40.7383653
Montromery Street at Warren Street,Jersey City,07306,Montgomery Street,New Jersey,"Montgomery Street, Jersey City, NJ 07306, United States of America",-74.0392539,40.716902
Grand Street at Warren Street,Jersey City,07304,Grand Street,New Jersey,"Grand Street, Jersey City, NJ 07304, United States of America",-74.0395198,40.7154437
Harsimus Cove,Jersey City,07311,Metro Plaza Drive,New Jersey,"Metro Plaza Drive, Jersey City, NJ 07311, United States of America",-74.0371987,40.722516
Jay Street–MetroTech,New York,11201,Willoughby Street,New York,"Willoughby Street, New York, NY 11201, United States of America",-73.985942,40.69218
East 14th Street & 1st Avenue,New York,10009,East 14th Street,New York,"East 14th Street, New York, NY 10009, United States of America",-73.9823163,40.7311389
West 14th Street & 6th Avenue,New York,10011,West 14th Street,New York,"West 14th Street, New York, NY 10011, United States of America",-73.9972499,40.7376456
Fulton Mall & Smith Street,New York,11201,Fulton Mall,New York,"Fulton Mall, New York, NY 11201, United States of America",-73.9871478,40.6914282
14th Street–Union Square,New York,10003,East 15th Street,New York,"East 15th Street, New York, NY 10003, United States of America",-73.9906491,40.7357611
Avenue A & East 13th Street,New York,10009,Avenue A,New York,"Avenue A, New York, NY 10009, United States of America",-73.9806222,40.7299042
Avenue C & East 11th Street,New York,10009,Avenue C,New York,"Avenue C, New York, NY 10009, United States of America",-73.9770922,40.7262933
Washington Boulevard at PATH Station,Jersey City,07310,Washington Boulevard,New Jersey,"Washington Boulevard, Jersey City, NJ 07310, United States of America",-74.0344536,40.7269637
8th Avenue & Horatio Street,New York,10011,8th Avenue,New York,"8th Avenue, New York, NY 10011, United States of America",-74.0034355,40.738642
7th Avenue & West 14th Street,New York,10001,7th Avenue,New York,"7th Avenue, New York, NY 10001, United States of America",-74.0000106,40.7383353
Newport,Jersey City,07310,Washington Boulevard,New Jersey,"Washington Boulevard, Jersey City, NJ 07310, United States of America",-74.0347553,40.7267989
West 14th Street & 7th Avenue,New York,10011,14th Street/6th Avenue-7th Subway transfer,New York,"14th Street/6th Avenue-7th Subway transfer, New York, NY 10011, United States of America",-73.9992199,40.7382635
Smith Street & Livingston Street,New York,11231,Smith Street,New York,"Smith Street, New York, NY 11231, United States of America",-73.9875555,40.6909239
1st Avenue,New York,10009,East 14th Street,New York,"East 14th Street, New York, NY 10009, United States of America",-73.9814231,40.7308653
Liberty Harbor,Jersey City,07302,Hudson River Waterfront Walkway,New Jersey,"Hudson River Waterfront Walkway, Jersey City, NJ 07302, United States of America",-74.0399336,40.7096231
Greenwich St/ Horatio St,New York,10014,Greenwich Street,New York,"Greenwich Street, New York, NY 10014, United States of America",-74.0063977,40.7388494
Warren Street,Jersey City,07302,Hudson River Waterfront Walkway,New Jersey,"Hudson River Waterfront Walkway, Jersey City, NJ 07302, United States of America",-74.0402156,40.7110052
Smith Street & Livingston Street,New York,11231,Smith Street,New York,"Smith Street, New York, NY 11231, United States of America",-73.9878988,40.6906343
Washington Boulevard at Path Station,Jersey City,07310,Washington Boulevard,New Jersey,"Washington Boulevard, Jersey City, NJ 07310, United States of America",-74.0351295,40.7266181
Union Square East & East 15th Street,New York,10003,Union Square East,New York,"Union Square East, New York, NY 10003, United States of America",-73.9894355,40.7356909
6th Avenue & West 15th Street,New York,10019,6th Avenue,New York,"6th Avenue, New York, NY 10019, United States of America",-73.9963057,40.7378835
Avenue C & East 12th Street,New York,10009,Avenue C,New York,"Avenue C, New York, NY 10009, United States of America",-73.9769646,40.7268519
East 10th Street & Avenue D,New York,10009,East 10th Street,New York,"East 10th Street, New York, NY 10009, United States of America",-73.975642,40.7251766
Union Square East & East 15th Street,New York,10003,Union Square East,New York,"Union Square East, New York, NY 10003, United States of America",-73.989394,40.7357648
East 10th Street & Avenue D,New York,10009,East 10th Street,New York,"East 10th Street, New York, NY 10009, United States of America",-73.9753771,40.7248953
14th Street,New York,10011,West 15th Street,New York,"West 15th Street, New York, NY 10011, United States of America",-73.9963408,40.7380466
1 Av & E 14 St,New York,10009,1st Avenue service road,New York,"1st Avenue service road, New York, NY 10009, United States of America",-73.9820505,40.7318647
Livingston Street & Smith Street,New York,11217,Livingston Street,New York,"Livingston Street, New York, NY 11217, United States of America",-73.9875919,40.6904489
West 14th Street & 7th Avenue,New York,10011,West 14th Street,New York,"West 14th Street, New York, NY 10011, United States of America",-73.9999913,40.7387902
East 14th Street & Avenue A,New York,10009,East 14th Street,New York,"East 14th Street, New York, NY 10009, United States of America",-73.9801788,40.7304331
Flushing Avenue & North Portland Avenue,New York,11251,Flushing Avenue,New York,"Flushing Avenue, New York, NY 11251, United States of America",-73.9771086,40.6981794
East 10th Street & Avenue D,New York,10009,East 10th Street,New York,"East 10th Street, New York, NY 10009, United States of America",-73.9749744,40.7248343
Court Street & Amity Street,New York,11231,Court Street,New York,"Court Street, New York, NY 11231, United States of America",-73.993215,40.6880793
Livingston Street & Smith Street,New York,11217,Livingston Street,New York,"Livingston Street, New York, NY 11217, United States of America",-73.9875126,40.6902266
Grand Street at Van Vorst Street,Jersey City,07304,Grand Street,New Jersey,"Grand Street, Jersey City, NJ 07304, United States of America",-74.0408622,40.715731
Avenue C & East 12th Street,New York,10009,Avenue C,New York,"Avenue C, New York, NY 10009, United States of America",-73.9763607,40.727276
2nd Avenue & East 17th Street,New York,10035,2nd Avenue,New York,"2nd Avenue, New York, NY 10035, United States of America",-73.9840195,40.7337897
West 14th Street & 8th Avenue,New York,10011,West 14th Street,New York,"West 14th Street, New York, NY 10011, United States of America",-74.0022105,40.7395074
Flushing Avenue & North Portland Avenue,New York,11237,Flushing Avenue,New York,"Flushing Avenue, New York, NY 11237, United States of America",-73.9764621,40.6979984
5th Avenue & West 17th Street,New York,10035,5th Avenue,New York,"5th Avenue, New York, NY 10035, United States of America",-73.9925121,40.7377025
Newport,Jersey City,07310,Mall Drive East,New Jersey,"Mall Drive East, Jersey City, NJ 07310, United States of America",-74.0360637,40.727029
Brooklyn Navy Yard Ferry Station,New York,11251,5th Street,New York,"5th Street, New York, NY 11251, United States of America",-73.9735899,40.7018174
Atlantic Avenue & Smith Street,New York,11208,Atlantic Avenue,New York,"Atlantic Avenue, New York, NY 11208, United States of America",-73.9894756,40.6888117
East 14th Street & Avenue B,New York,10009,Avenue B,New York,"Avenue B, New York, NY 10009, United States of America",-73.9778674,40.7294626
Hoboken NJ Transit Terminal,Hoboken,07030,,New Jersey,"Hoboken, NJ 07030, United States of America",-74.0265592,40.7350368
8th Avenue,New York,10011,West 14th Street,New York,"West 14th Street, New York, NY 10011, United States of America",-74.0027381,40.7398753
8th Avenue & West 14th Street,New York,10011,8th Avenue,New York,"8th Avenue, New York, NY 10011, United States of America",-74.0022991,40.7398474
Yankee Pier,New York,10004,Craig Road South,New York,"Craig Road South, New York, NY 10004, United States of America",-74.0165035,40.6867676
Smith Street & Atlantic Avenue,New York,11231,Smith Street,New York,"Smith Street, New York, NY 11231, United States of America",-73.9889288,40.6888103
Washington Boulevard at Newport Parkway,Jersey City,07310,Washington Boulevard,New Jersey,"Washington Boulevard, Jersey City, NJ 07310, United States of America",-74.0349424,40.7289093
West 14th Street & 8th Avenue,New York,10011,West 14th Street,New York,"West 14th Street, New York, NY 10011, United States of America",-74.0029242,40.7400232
Washington Boulevard at Newport Parkway,Jersey City,07310,Washington Boulevard,New Jersey,"Washington Boulevard, Jersey City, NJ 07310, United States of America",-74.0343603,40.7296886
Hoyt Street,New York,11201,Fulton Mall,New York,"Fulton Mall, New York, NY 11201, United States of America",-73.9849862,40.6905128
Livingston Street & Hoyt Street,New York,11217,Livingston Street,New York,"Livingston Street, New York, NY 11217, United States of America",-73.9861393,40.6898832
Hoboken Terminal,Hoboken,07030,Warrington Plaza,New Jersey,"Warrington Plaza, Hoboken, NJ 07030, United States of America",-74.0273829,40.7349447
Hoboken Terminal,Hoboken,07030,Hoboken Newport Walkway- Hudson River Waterfront Walkway,New Jersey,"Hoboken Newport Walkway- Hudson River Waterfront Walkway, Hoboken, NJ 07030, United States of America",-74.02979681191528,40.733914549999994
Fulton Street & Duffield Street,New York,11201,Fulton Mall,New York,"Fulton Mall, New York, NY 11201, United States of America",-73.9848954,40.6904983
,New York,11211,Kent Avenue,New York,"New York, NY 11211, United States of America",-73.9702653,40.7087612
Park Avenue & East 18th Street,New York,10016,Park Avenue South,New York,"Park Avenue South, New York, NY 10016, United States of America",-73.9885376,40.7369949
East 14th Street & Avenue C,New York,10009,East 14th Street,New York,"East 14th Street, New York, NY 10009, United States of America",-73.9760172,40.7284611
Atlantic Avenue & Smith Street,New York,11208,Atlantic Avenue,New York,"Atlantic Avenue, New York, NY 11208, United States of America",-73.9888161,40.6883833
East 14th Street & Avenue C,New York,10009,East 14th Street Service Road,New York,"East 14th Street Service Road, New York, NY 10009, United States of America",-73.9760065,40.728688
Court Street & Warren Street,New York,11231,Court Street,New York,"Court Street, New York, NY 11231, United States of America",-73.9939799,40.6865157
14th Street,New York,10011,West 15th Street,New York,"West 15th Street, New York, NY 10011, United States of America",-74.0019976,40.7404638
Grand Street at Luis Munoz Marin Boulevard,Jersey City,07304,Grand Street,New Jersey,"Grand Street, Jersey City, NJ 07304, United States of America",-74.0424915,40.7159122
Christopher Columbus Drive at Groove Street,Jersey City,07302,Christopher Columbus Drive,New Jersey,"Christopher Columbus Drive, Jersey City, NJ 07302, United States of America",-74.0418012,40.7190399
Avenue C & East 14th Street,New York,10009,Avenue C,New York,"Avenue C, New York, NY 10009, United States of America",-73.9756569,40.7286767
Flushing Avenue & Cumberland Street,New York,11251,Flushing Avenue,New York,"Flushing Avenue, New York, NY 11251, United States of America",-73.974572,40.6980452
6th Avenue & West 18th Street,New York,10011,West 18th Street,New York,"West 18th Street, New York, NY 10011, United States of America",-73.9949695,40.7396937
Grand Street at Luis Munoz Marin Boulevard,Jersey City,07304,Grand Street,New Jersey,"Grand Street, Jersey City, NJ 07304, United States of America",-74.0428688,40.7158153
Grove Street,Jersey City,07302,Christopher Columbus Drive,New Jersey,"Christopher Columbus Drive, Jersey City, NJ 07302, United States of America",-74.0421003,40.7192583
Flushing Avenue & Cumberland Street,New York,11237,Flushing Avenue,New York,"Flushing Avenue, New York, NY 11237, United States of America",-73.9743717,40.6979155
Newport Centre Mall,Jersey City,07310,Mall Drive West,New Jersey,"Mall Drive West, Jersey City, NJ 07310, United States of America",-74.0387652,40.7262407
